{
    "user_credentials": [
        {
            "username": "sysadmin1",
            "password": "123qwe"
        },
        {
            "username": "tester2",
            "password": "user"
        },
        {
            "username": "adminuser3",
            "password": "123321"
        },
        {
            "username": "member4",
            "password": "sunshine"
        },
        {
            "username": "sqladmin5",
            "password": "passw0rd"
        },
        {
            "username": "support6",
            "password": "passw0rd"
        },
        {
            "username": "user17",
            "password": "freedom"
        },
        {
            "username": "sys8",
            "password": "admin123"
        },
        {
            "username": "security9",
            "password": "123456789"
        },
        {
            "username": "admin10",
            "password": "666666"
        },
        {
            "username": "admin11",
            "password": "abc123"
        },
        {
            "username": "info12",
            "password": "123456789"
        },
        {
            "username": "operator13",
            "password": "login"
        },
        {
            "username": "test12314",
            "password": "sunshine"
        },
        {
            "username": "admin215",
            "password": "666666"
        },
        {
            "username": "netadmin16",
            "password": "pass"
        },
        {
            "username": "superuser17",
            "password": "121212"
        },
        {
            "username": "nobody18",
            "password": "66666666"
        },
        {
            "username": "anonymous19",
            "password": "abc123"
        },
        {
            "username": "sysadmin20",
            "password": "baseball"
        },
        {
            "username": "security21",
            "password": "freedom"
        },
        {
            "username": "user122",
            "password": "flower"
        },
        {
            "username": "anonymous23",
            "password": "12345"
        },
        {
            "username": "dbadmin24",
            "password": "user"
        },
        {
            "username": "user25",
            "password": "shadow"
        },
        {
            "username": "tempuser26",
            "password": "user"
        },
        {
            "username": "dbadmin27",
            "password": "password1"
        },
        {
            "username": "member28",
            "password": "letmein"
        },
        {
            "username": "info29",
            "password": "football"
        },
        {
            "username": "test130",
            "password": "password"
        },
        {
            "username": "testuser31",
            "password": "66666666"
        },
        {
            "username": "superuser32",
            "password": "master"
        },
        {
            "username": "member33",
            "password": "football"
        },
        {
            "username": "operator34",
            "password": "blink182"
        },
        {
            "username": "login35",
            "password": "flower"
        },
        {
            "username": "testuser36",
            "password": "qwerty123"
        },
        {
            "username": "maintain37",
            "password": "passw0rd"
        },
        {
            "username": "info38",
            "password": "monkey"
        },
        {
            "username": "root39",
            "password": "dragon"
        },
        {
            "username": "sqladmin40",
            "password": "blink182"
        },
        {
            "username": "root41",
            "password": "987654321"
        },
        {
            "username": "member42",
            "password": "123321"
        },
        {
            "username": "backup43",
            "password": "superman"
        },
        {
            "username": "operator44",
            "password": "shadow"
        },
        {
            "username": "console45",
            "password": "qwerty"
        },
        {
            "username": "someuser46",
            "password": "pass"
        },
        {
            "username": "sysadmin47",
            "password": "freedom"
        },
        {
            "username": "operator48",
            "password": "monkey"
        },
        {
            "username": "sqladmin49",
            "password": "1234"
        },
        {
            "username": "console50",
            "password": "superman"
        }
    ],
    "admin_credentials": [
        {
            "username": "admintest11",
            "password": "freedom"
        },
        {
            "username": "adminusername12",
            "password": "111111"
        },
        {
            "username": "admintemp3",
            "password": "password"
        },
        {
            "username": "adminadmin24",
            "password": "66666666"
        },
        {
            "username": "adminnobody5",
            "password": "blink182"
        },
        {
            "username": "adminnewuser6",
            "password": "user123"
        },
        {
            "username": "admininfo7",
            "password": "123456"
        },
        {
            "username": "adminadm8",
            "password": "sunshine"
        },
        {
            "username": "admintester9",
            "password": "password1"
        },
        {
            "username": "adminsecurity10",
            "password": "superman"
        },
        {
            "username": "adminsomeuser11",
            "password": "solo"
        },
        {
            "username": "adminuser212",
            "password": "123123"
        },
        {
            "username": "adminsysadmin13",
            "password": "1q2w3e"
        },
        {
            "username": "adminsysadmin14",
            "password": "123321"
        },
        {
            "username": "admintest12315",
            "password": "12345"
        },
        {
            "username": "adminsupport16",
            "password": "dragon"
        },
        {
            "username": "admintest117",
            "password": "user"
        },
        {
            "username": "adminanonymous18",
            "password": "987654321"
        },
        {
            "username": "adminnewuser19",
            "password": "123456"
        },
        {
            "username": "adminconsole20",
            "password": "12345678"
        },
        {
            "username": "adminnetadmin21",
            "password": "master"
        },
        {
            "username": "adminsys22",
            "password": "solo"
        },
        {
            "username": "admintest23",
            "password": "1234"
        },
        {
            "username": "admintest24",
            "password": "welcome"
        },
        {
            "username": "adminsomeuser25",
            "password": "123"
        },
        {
            "username": "admintempuser26",
            "password": "123456"
        },
        {
            "username": "adminguest27",
            "password": "superman"
        },
        {
            "username": "adminftp28",
            "password": "12345"
        },
        {
            "username": "adminoperator29",
            "password": "1q2w3e4r"
        },
        {
            "username": "adminnewuser30",
            "password": "solo"
        },
        {
            "username": "adminsqladmin31",
            "password": "1234567"
        },
        {
            "username": "adminuser132",
            "password": "666666"
        },
        {
            "username": "admintest33",
            "password": "666666"
        },
        {
            "username": "adminadmin34",
            "password": "1q2w3e"
        },
        {
            "username": "adminusername135",
            "password": "sunshine"
        },
        {
            "username": "adminnobody36",
            "password": "welcome"
        },
        {
            "username": "adminguest37",
            "password": "password"
        },
        {
            "username": "adminsecurity38",
            "password": "football"
        },
        {
            "username": "adminmaintain39",
            "password": "superman"
        },
        {
            "username": "adminadmin40",
            "password": "login"
        },
        {
            "username": "adminadministrator41",
            "password": "superman"
        },
        {
            "username": "adminnobody42",
            "password": "password"
        },
        {
            "username": "adminroot43",
            "password": "passw0rd"
        },
        {
            "username": "admintemp44",
            "password": "dragon"
        },
        {
            "username": "adminftp45",
            "password": "welcome"
        },
        {
            "username": "admininfo46",
            "password": "iloveyou"
        },
        {
            "username": "admininfo47",
            "password": "1q2w3e4r"
        },
        {
            "username": "adminadministrator48",
            "password": "qwerty"
        },
        {
            "username": "adminmanager49",
            "password": "qwerty123"
        },
        {
            "username": "adminuser50",
            "password": "flower"
        }
    ]
}